Job Name,Count,
.NET 5.0/6(1),1,
.NET Core Web API(6),6,
.NET Core(13),13,
.NET(138),138,
2D Animation Explainer Video(4),4,
2D Animation(26),26,
2D Drafting(7),7,
2D Drawing(15),15,
2D Game Art(6),6,
2D Layout(4),4,
360-degree video(11),11,
3D Animation(354),354,
3D Architecture(12),12,
3D CAD(9),9,
3D Design(175),175,
3D Drafting(8),8,
3D Layout(2),2,
3D Logo(4),4,
3D Model Maker(8),8,
3D Modelling(467),467,
3D Printing(7),7,
3D Rendering(393),393,
3D Rigging(6),6,
3D Scanning(2),2,
3D Visualization(3),3,
3ds Max(141),141,
4D(0),0,
802.11(0),0,
A&E(0),0,
A&P(0),0,
A&R(0),0,
A/B Testing(0),0,
A/R analysis(0),0,
A/R Collections(0),0,
A/R Management(0),0,
A/V design(0),0,
A/V editing(0),0,
A/V Engineering(1),1,
A/V Systems(0),0,
A+ Certified IT Technician(5),5,
A+ Certified Professional(5),5,
A1 Assessor(1),1,
AAUS Scientific Diver(0),0,
Ab Initio(0),0,
ABAP List Viewer (ALV)(0),0,
ABAP Web Dynpro(1),1,
Abaqus(2),2,
Abatement(0),0,
ABBYY FineReader(0),0,
ABC Analysis(0),0,
ABIS(1),1,
AbleCommerce(0),0,
Ableton Live(2),2,
Ableton Push(0),0,
Ableton(0),0,
Abnormal Psychology(1),1,
ABO Certified(0),0,
ABR Accredited Buyer Representative(2),2,
ABR Designation(0),0,
Abstract(0),0,
AC Drives(0),0,
AC3(0),0,
Academic Achievement(1),1,
Academic Administration(0),0,
Academic Advising(2),2,
Academic Medicine(1),1,
Academic Publishing(0),0,
Academic Research(7),7,
Academic Writing(16),16,
ACARS(0),0,
Accelerator Physics(0),0,
Access Point Identification(0),0,
Account Management(3),3,
Account Payables Management(0),0,
Account Receivables Management(0),0,
Accounting Tutoring(0),0,
Accounting(126),126,
Acoustical Engineering(1),1,
Actimize(0),0,
Acting(16),16,
ActionScript(2),2,
Active Directory(7),7,
Active Site Survey(3),3,
ActiveCampaign(2),2,
Ad Planning & Buying(1),1,
Ada programming(0),0,
ADF / Oracle ADF(0),0,
Administrative Support(20),20,
ADO.NET(0),0,
Adobe Acrobat(3),3,
Adobe Air(0),0,
Adobe Analytics(0),0,
Adobe Animate(2),2,
Adobe Audition(4),4,
Adobe Captivate(2),2,
Adobe Creative Cloud(2),2,
Adobe Creative Suite(0),0,
Adobe Dreamweaver(0),0,
Adobe Dynamic Tag Management(0),0,
Adobe Experience Manager(1),1,
Adobe Fireworks(0),0,
Adobe Flash(26),26,
Adobe FrameMaker(0),0,
Adobe Freehand(0),0,
Adobe Illustrator(23),23,
Adobe InDesign(53),53,
Adobe Lightroom(16),16,
Adobe LiveCycle Designer(0),0,
Adobe Muse(0),0,
Adobe Pagemaker(2),2,
Adobe Photoshop(13),13,
Adobe Premiere Pro(12),12,
Adobe Robohelp(0),0,
Adobe XD(14),14,
Advanced Business Application Programming (ABAP)(0),0,
Advertisement Design(24),24,
Advertising(181),181,
Aerial Technical Site Survey(0),0,
Aeronautical Engineering(1),1,
Aerospace Engineering(6),6,
Affectiva(0),0,
Affiliate Marketing(14),14,
Affinity Designer(0),0,
Affinity Photo(0),0,
Afrikaans Translator(1),1,
After Effects(253),253,
Agency Relationship Management(2),2,
Agile Development(2),2,
Agile Project Management(1),1,
Agora(3),3,
A-GPS(1),1,
Agronomy(2),2,
AI (Artificial Intelligence) HW/SW(4),4,
AI/RPA development(6),6,
Air Conditioning(2),2,
Airbnb(0),0,
Aircraft Performance(1),1,
Aircraft Propulsion(0),0,
Aircraft Sales(0),0,
Aircraft Structures(1),1,
Aircraft Systems(0),0,
Airfield Lighting(0),0,
Airframe(0),0,
Airline(0),0,
Airspace Management(0),0,
Airtable(1),1,
AIX Administration(0),0,
AJAX Frameworks(0),0,
AJAX Toolkit(0),0,
AJAX(28),28,
Ajax4JSF(0),0,
Akka(0),0,
Alacra(0),0,
Alarm Management(0),0,
Alarm Systems(0),0,
Albanian Translator(0),0,
ALBPM(0),0,
Album Design(4),4,
Album Production(0),0,
Alchemist(0),0,
Alerting(0),0,
Alexa Modification(1),1,
Algebra Tutoring(0),0,
Algogrand(0),0,
Algolia(1),1,
Algorithm Analysis(2),2,
Algorithm(76),76,
Alias(0),0,
Alibaba(5),5,
Alibre Design(0),0,
Alienbrain(0),0,
AliExpress(0),0,
All-Source Analysis(0),0,
AlphaCAM(0),0,
Alpine JS(1),1,
Altera Quartus(0),0,
Alternative Investments(0),0,
Alternative Rock(0),0,
Alteryx(2),2,
Altium Designer(1),1,
Altium NEXUS(0),0,
Alto Flute(0),0,
Alumni Relations(0),0,
Alvarion(0),0,
Alzheimers Care(0),0,
Amazon App Development(1),1,
Amazon CloudFormation(2),2,
Amazon CloudFront(1),1,
Amazon ECS(0),0,
Amazon FBA(9),9,
Amazon Fire(1),1,
Amazon Kindle(5),5,
Amazon Listings Optimization(4),4,
Amazon Product Launch(4),4,
Amazon S3(6),6,
Amazon Web Services(152),152,
Amazon(19),19,
American Sign Language Translator(1),1,
Amibroker Formula Language(3),3,
AMQP(0),0,
Analog / Mixed Signal / Digital(1),1,
Analog Electronics(3),3,
Analog(0),0,
Analytics Sales(0),0,
Analytics(5),5,
Anaplan(0),0,
Andon(0),0,
Android App Development(32),32,
Android SDK(5),5,
Android Studio(22),22,
Android UI Design(5),5,
Android Wear SDK(2),2,
Android(682),682,
Angular 4(2),2,
Angular 6(15),15,
Angular Material(5),5,
Angular(32),32,
AngularJS(143),143,
Animated Video Development(12),12,
Animation(294),294,
Animoto(0),0,
Annual Report Design(0),0,
Annuals(0),0,
Anodizing(0),0,
Anomaly Detection(0),0,
ANOVA(0),0,
Anritsu Certified(0),0,
Ansible(6),6,
Answering Telephones(4),4,
Ansys(8),8,
Antenna Design(0),0,
Antenna Measurements(0),0,
Antenna Services(0),0,
Anthropology(1),1,
Anti Money Laundering(0),0,
Antique Restoration(1),1,
Antiques(0),0,
Antitrust Economics(0),0,
Apache Ant(0),0,
Apache Hadoop(1),1,
Apache Kafka(9),9,
Apache Maven(7),7,
Apache Solr(0),0,
Apache Spark(2),2,
Apache(27),27,
API Development(6),6,
API Integration(18),18,
API Testing(3),3,
API(47),47,
Apigee(3),3,
Apollo(1),1,
App Design(20),20,
App Developer(19),19,
App Development(8),8,
App Localization(0),0,
App Publication(1),1,
App Reskin(1),1,
App Store Optimization(3),3,
App Usability Analysis(0),0,
Appcelerator Titanium(0),0,
Appfolio(0),0,
Appian BPM(1),1,
Apple Compressor(0),0,
Apple Homekit(0),0,
Apple iBooks Author(0),0,
Apple Logic Pro(1),1,
Apple MFI(0),0,
Apple Motion(0),0,
Apple Safari(2),2,
Apple UIKit(0),0,
Apple Watch(0),0,
Apple Xcode(8),8,
Applescript(0),0,
Appliance Installation(1),1,
Appliance Repair(0),0,
Application Packaging(1),1,
Application Performance Monitoring(2),2,
Appointment Setting(6),6,
Apttus(0),0,
Arabic Translator(72),72,
ArangoDB(1),1,
Arc(0),0,
ArcGIS(2),2,
ArchiCAD(5),5,
Architectural Engineering(10),10,
Architectural Rendering(13),13,
Architectural Visualization(9),9,
Architecture(9),9,
ArcMap(1),1,
ARCore(0),0,
Arduino(48),48,
Arena Simulation Programming(3),3,
Argus Monitoring Software(0),0,
Ariba(0),0,
ARKit(1),1,
ARM(1),1,
Armadillo(0),0,
Art Consulting(0),0,
Art Installation(0),0,
Article Rewriting(322),322,
Article Submission(4),4,
Article Writing(688),688,
Articulate Storyline(3),3,
Artificial Intelligence(45),45,
Artist & Repertoire Administration(1),1,
Arts & Crafts(17),17,
AS400 & iSeries(0),0,
Asana(4),4,
Asbestos Removal(0),0,
ASHSP(0),0,
ASIC(0),0,
ASM(0),0,
ASP(15),15,
ASP.NET MVC(12),12,
ASP.NET(83),83,
Aspen HYSYS(0),0,
Asphalt Contractor(0),0,
Assembla(0),0,
Assembly(8),8,
Asset Management(0),0,
Asterisk PBX(21),21,
Astrophysics(0),0,
Atlassian Confluence(0),0,
Atlassian Jira(4),4,
Atmel(0),0,
ATS Sales(0),0,
Attic Access Ladders Making(0),0,
Attorney(2),2,
Audio Ads(10),10,
Audio Editing(13),13,
Audio Engineering(12),12,
Audio Mastering(13),13,
Audio Processing(15),15,
Audio Production(110),110,
Audio Services(167),167,
Audiobook Narration(12),12,
Audiobook(10),10,
Audit(7),7,
Augmented Reality(13),13,
AutoCAD Advance Steel(1),1,
AutoCAD Architecture(12),12,
AutoCAD(219),219,
Autodesk Fusion 360(2),2,
Autodesk Inventor(2),2,
Autodesk Revit(9),9,
Autodesk Sketchbook Pro(0),0,
Autodesk(0),0,
AutoHotkey(2),2,
Automatic Number Plate Recognition (ANPR)(0),0,
Automation(10),10,
AutoML(0),0,
Automotive Engineering(1),1,
Automotive(1),1,
Autotask(0),0,
Avaya(1),1,
Aviation(1),1,
Avid(1),1,
Awnings(0),0,
AWS Amplify(4),4,
AWS Lambda(23),23,
AWS Polly(1),1,
AWS SageMaker(2),2,
AWS Textract(2),2,
AWS Translate(0),0,
Axure(0),0,
Azure(40),40,
B2B Marketing(10),10,
Backbase(0),0,
backbone.js(0),0,
Backend Development(40),40,
Background Removal(2),2,
Backtesting(0),0,
Baidu(0),0,
Baking(0),0,
Balsamiq(0),0,
Balustrading(0),0,
Bamboo Flooring(0),0,
Bank Reconciliation(4),4,
Banner Design(108),108,
Bare Metal(0),0,
Bartending(0),0,
Base Station Equipment Management(0),0,
Basecamp(0),0,
Bash Scripting(4),4,
Bash(1),1,
Basque Translator(0),0,
Bathroom(0),0,
Battery Charging and Batteries(1),1,
BeagleBone Black(0),0,
BeautifulSoup(0),0,
Bengali Translator(5),5,
Beta Reading(1),1,
Bicycle Courier(1),1,
Big Data Sales(5),5,
Big Data(14),14,
BigCommerce(4),4,
BigQuery(1),1,
Bill of Materials (BOM) Analysis(1),1,
Bill of Materials (BOM) Evaluation(1),1,
Bill of Materials (BOM) Optimization(1),1,
Billing(0),0,
Binance Smart Chain(22),22,
Binance(6),6,
Binary Analysis(2),2,
Binary Search(0),0,
Bing Ads(2),2,
Biography Writing(2),2,
Bioinformatics(1),1,
Biology(10),10,
Biomedical Engineering(0),0,
Biometrics(1),1,
Biostatistics(1),1,
Biotechnology(3),3,
BIRT Development(0),0,
Bitcoin(24),24,
BitMEX API(1),1,
BitMEX(1),1,
Biztalk(2),2,
Blackberry(0),0,
Blazor(3),3,
Blender(28),28,
Blockchain(184),184,
Blog Design(5),5,
Blog Install(5),5,
Blog Writing(30),30,
Blog(107),107,
Blogging(5),5,
Bluebeam(0),0,
Blueprint Calibration(1),1,
Bluetooth Low Energy (BLE)(4),4,
Bluetooth Module(0),0,
Bluetooth(0),0,
BMC Remedy(0),0,
Board Support Package (BSP)(0),0,
Book Artist(14),14,
Book Cover Design(7),7,
Book Design(1),1,
Book Marketing(2),2,
Book Review(4),4,
Book Writing(35),35,
Bookkeeping(34),34,
Boonex Dolphin(0),0,
Boost(1),1,
Bootstrap(51),51,
Bosnian Translator(0),0,
Bower(1),1,
BPO(15),15,
Bracket Installation(1),1,
Brain Storming(0),0,
Braintree(0),0,
Brand Management(4),4,
Brand Marketing(7),7,
Branding(13),13,
Breton(0),0,
Bricklaying(0),0,
Broadcast Engineering(0),0,
Brochure Design(107),107,
BSD(0),0,
Bubble Developer(11),11,
BuddyPress(1),1,
Budgeting and Forecasting(3),3,
Buildbox(2),2,
Building Architecture(206),206,
Building Certification(7),7,
Building Consulting(8),8,
Building Design(6),6,
Building Engineering(7),7,
Building Information Modeling(7),7,
Building Regulations(6),6,
Building Surveying(5),5,
Building(6),6,
Bukkit(0),0,
Bulgarian Translator(4),4,
Bulk Marketing(64),64,
Bulk Products(2),2,
Business Analysis(97),97,
Business Analytics(2),2,
Business Cards(33),33,
Business Catalyst(0),0,
Business Central(1),1,
Business Coaching(2),2,
Business Consulting(4),4,
Business Development(18),18,
Business Intelligence(3),3,
Business Management(5),5,
Business Plan Writing(3),3,
Business Plans(65),65,
Business Requirement Documentation(3),3,
Business Strategy(4),4,
Business Valuation(2),2,
Business Writing(44),44,
Buyer Sourcing(3),3,
C Programming(257),257,
C# Programming(324),324,
C++ Programming(233),233,
CAD/CAM(160),160,
CakePHP(6),6,
Calculus Tutoring(0),0,
Calculus(3),3,
Call Center(24),24,
Call Control XML(0),0,
Calligraphy(2),2,
Camtasia(0),0,
CAN Bus(0),0,
Canva(8),8,
Capital Markets(1),1,
Capture NX2(0),0,
Car Courier(3),3,
Car Driving(4),4,
Car Washing(1),1,
Card Design(1),1,
Cardano(3),3,
Care Management(0),0,
Career Consulting(0),0,
Cargo Freight(2),2,
Caricature & Cartoons(88),88,
Carpentry(0),0,
Carpet Cleaning(1),1,
Carpet Repair & Laying(0),0,
Carports(0),0,
"Cars, Boats or Vans(1)",1,
Carthage(0),0,
Cartography & Maps(11),11,
Carwashing(0),0,
Case Study Writing(4),4,
CasperJS(0),0,
Caspio(0),0,
Cassandra(2),2,
Casting(0),0,
Catalan Translator(0),0,
Catalog Design(3),3,
Catch Phrases(6),6,
Catering Services(0),0,
CATIA(1),1,
CCTV Repair(0),0,
CCTV(0),0,
Ceiling Installation(1),1,
Cel Animation(1),1,
Celery(0),0,
Cellular Design(0),0,
Cellular Modules(0),0,
Cellular Service(0),0,
Cement Bonding Agents(0),0,
CentOs(4),4,
Certified Ethical Hacking(5),5,
Certified Information Systems Security Professional (CISSP)(0),0,
Certified Public Accountant(3),3,
CGI(2),2,
Change Management(0),0,
Channel Account Management(0),0,
Channel Sales(2),2,
Character Illustration(17),17,
Chart.js(2),2,
Chartered Secretary Services(3),3,
Charts(2),2,
Chat Operation(4),4,
Chatbot(10),10,
Chef Configuration Management(1),1,
Chemical Engineering(17),17,
Chemistry Tutoring(3),3,
Child Counselling(0),0,
Children\'s Book Illustration(8),8,
Chinese Tutoring(1),1,
Chordiant(0),0,
Christmas(1),1,
Chrome OS(4),4,
Chromium(2),2,
CI/CD(9),9,
Cinema 4D(3),3,
Cinematography(18),18,
CircleCI(0),0,
Circuit Board Layout(0),0,
Circuit Design(38),38,
CircuitMaker(0),0,
CircuitStudio(1),1,
Cisco(26),26,
Citadela(0),0,
Citrix(1),1,
Civil Engineering(53),53,
Classifieds Posting(5),5,
Clean Technology(0),0,
ClickBank(0),0,
ClickFunnels(8),8,
Climate Sciences(0),0,
Clip Studio Paint(1),1,
CLIPS(0),0,
Clojure(0),0,
Closer(0),0,
Clothesline Installation(0),0,
Cloud Computing(48),48,
Cloud Data(0),0,
Cloud Development(0),0,
Cloud Finance(0),0,
Cloud Foundry(0),0,
Cloud Monitoring(1),1,
Cloud Networking(0),0,
Cloud Procurement(0),0,
Cloud Sales(0),0,
Cloud Security(2),2,
Cloud Service(0),0,
Cloud(4),4,
Cloudflare(0),0,
Clover(1),1,
CMS(7),7,
CNC Programming(3),3,
COBOL(0),0,
Cocoa Touch(0),0,
Cocoa(1),1,
CocoaPods(0),0,
Cocos2d(0),0,
Codeigniter(51),51,
Coding Lesson(1),1,
Coding(41),41,
Coffee Delivery(0),0,
CoffeeScript(0),0,
Cognos(0),0,
Cold Fusion(1),1,
Collage Making(1),1,
College Tutoring(0),0,
Color Grading(2),2,
Column Installation(1),1,
Combinatorial Optimization(0),0,
Combinatorial Problem Solving(4),4,
Comedy Writing(1),1,
Comics(3),3,
Commercial Cleaning(1),1,
Commercials(5),5,
Communications(29),29,
COMPASS(0),0,
Compensation and Benefits(0),0,
Compensation Consulting(1),1,
Competitor Analysis(2),2,
Compliance and Safety Procedures Writer(3),3,
Compliance and Safety Training(0),0,
Compliance Engineering(1),1,
Compliance(1),1,
Component Engineering(1),1,
CompTIA(0),0,
Computational Analysis(0),0,
Computational Fluid Dynamics(2),2,
Computational Linguistics(0),0,
Computer Aided Manufacturing(1),1,
Computer Graphics(8),8,
Computer Repair(7),7,
Computer Science Tutoring(2),2,
Computer Science(19),19,
Computer Security(54),54,
Computer Support(11),11,
Computer Vision(8),8,
Computerized Embroidery(3),3,
Concept Art(5),5,
Concept Design(11),11,
Concreting(1),1,
Conflict Resolution(1),1,
Construct 3(3),3,
Construction Engineering(6),6,
Construction Management(2),2,
Construction Monitoring(3),3,
Construction(5),5,
Consulting(0),0,
Consumer Products(2),2,
Contact Center Services(0),0,
Container Transport(2),2,
Container Truck(1),1,
Containerization(2),2,
Content Audit(2),2,
Content Creation(37),37,
Content Development(3),3,
Content Management System (CMS)(2),2,
Content Marketing(22),22,
Content Strategy(7),7,
Content Writing(552),552,
Continuous Integration(2),2,
Contract Management(2),2,
Contracts(52),52,
Control Engineering(4),4,
Control System Design(1),1,
Controller Area Network (CAN)(2),2,
Conversion Rate Optimization(4),4,
Cooking & Recipes(2),2,
Cooking / Baking(0),0,
Copy Editing(4),4,
Copy Typing(484),484,
Copyright(2),2,
Copywriting(430),430,
Corda(0),0,
Cordana(0),0,
Core Consulting Skills(1),1,
Core PHP(1),1,
Core Systems Transformation(0),0,
Corel Draw(10),10,
Corel Painter(4),4,
Corporate Identity(84),84,
Corporate Income Tax(0),0,
Corporate Law(5),5,
Corporate Social Responsibility(1),1,
Corporate Transactions(0),0,
Corteza(0),0,
Costume Design(2),2,
Counseling Psychology(3),3,
Counselling and Psychotherapy(2),2,
Courier(3),3,
Courses(4),4,
Cover Letter(5),5,
Covers & Packaging(53),53,
cPanel(6),6,
CRE Loaded(0),0,
Creative Design(21),21,
Creative Writing(71),71,
Credit Analysis(0),0,
Credit Repair(0),0,
Creo(0),0,
Crestron(0),0,
Criminal Law(1),1,
CRM(39),39,
Croatian Translator(2),2,
Cross Browser(0),0,
Crowdfunding(6),6,
Cryptocurrency(80),80,
Cryptography(16),16,
Crystal Reports(1),1,
CS-Cart(1),1,
CSS(595),595,
CSS2(2),2,
CSS3(18),18,
CTO(0),0,
CubeCart(0),0,
CUDA(2),2,
cURL(2),2,
Custom Duties Tax(0),0,
Customer Experience(11),11,
Customer Retention Marketing(7),7,
Customer Retention(8),8,
Customer Service(53),53,
Customer Strategy(3),3,
Customer Support(61),61,
Customs and Global Trade Services(0),0,
Cutout Animation(0),0,
CV Design(1),1,
CV Library(0),0,
cxf(0),0,
Czech Translator(10),10,
D3.js(2),2,
Damp Proofing(0),0,
Danish Translator(24),24,
Dapper(0),0,
DApps(4),4,
Dari Translator(2),2,
Dart(21),21,
Data Analysis(17),17,
Data Analytics(21),21,
Data Architecture(2),2,
Data Backup(1),1,
Data Cleansing(5),5,
Data Collection(36),36,
Data Delivery(33),33,
Data Entry(919),919,
Data Extraction(40),40,
Data Governance(3),3,
Data Integration(6),6,
Data Management(2),2,
Data Mining(83),83,
Data Modeling(3),3,
Data Modernization(0),0,
Data Processing(402),402,
Data Protection(4),4,
Data Science(20),20,
Data Scraping(14),14,
Data Visualization(8),8,
Data Warehousing(2),2,
Database Administration(68),68,
Database Design(4),4,
Database Development(26),26,
Database Management(5),5,
Database Programming(46),46,
Datacenter Sales(0),0,
DataLife Engine(0),0,
Datatables(0),0,
DaVinci Resolve(1),1,
"DDR3 (PCIe, board design/fpga)(0)",0,
DDS(0),0,
Debian(8),8,
Debugging(4),4,
Decking(0),0,
Decoration(0),0,
Deep Learning(47),47,
Delivery(5),5,
Delphi(8),8,
DEMAT(1),1,
Demolition(0),0,
Design(2),2,
DesignBuilder(0),0,
Desktop Application(8),8,
Desktop Support(7),7,
Development Assessment(0),0,
Development Consulting(0),0,
Development Operations(0),0,
Development(9),9,
DevOps(23),23,
DFM (Design for Manufacturing)(2),2,
Diet(3),3,
Digital Agency Sales(3),3,
Digital Art(6),6,
Digital ASIC Coding(0),0,
Digital Cinema Packages(0),0,
Digital Design(6),6,
Digital Electronics(4),4,
Digital Forensics(1),1,
Digital Marketing(62),62,
Digital Networking(4),4,
Digital Painting(2),2,
Digital Product Design(0),0,
Digital Signal Processing(3),3,
Digital Strategy(0),0,
DigitalOcean(1),1,
Dinka Translator(0),0,
Direct Mail(0),0,
DirectX(0),0,
Discord(24),24,
Disposals(0),0,
Django(82),82,
DNS(13),13,
DO-178 Certification(0),0,
DO-254 Certification(0),0,
Docker Compose(5),5,
Docker(40),40,
Documentation(6),6,
Dogecoin(0),0,
Dojo(0),0,
DOM(1),1,
Domain Research(3),3,
Domestic Cleaning(1),1,
Doodle(2),2,
DOP Management(0),0,
DOS(0),0,
DotNetNuke(2),2,
Dovecot(0),0,
Drafting(21),21,
Draw.io(0),0,
Drawing(19),19,
Drilling Engineering(0),0,
Drip(0),0,
Drone Photography(15),15,
Drones(4),4,
Dropbox API(0),0,
Dropshipping(8),8,
Drupal(11),11,
Dry Van Trucking(1),1,
DSL/MODEMs(1),1,
Dthreejs(3),3,
Dutch Translator(8),8,
Dynamic 365(2),2,
Dynamics(1),1,
Dynatrace Software Monitoring(1),1,
Dynatrace(0),0,
eBay(20),20,
eBook Design(2),2,
eBooks(32),32,
EBS Finance(0),0,
EBS Procurement(0),0,
EC Pay Workday(0),0,
Eclipse(0),0,
ECMAScript(2),2,
Ecological Consulting(0),0,
eCommerce(251),251,
Econometrics(1),1,
Economics(8),8,
ECPay(0),0,
Edge Computing(0),0,
Editing(165),165,
Editorial Design(1),1,
Editorial Writing(3),3,
Education & Tutoring(18),18,
Education Consulting(4),4,
Educational Research(10),10,
edX(0),0,
Elasticsearch(10),10,
eLearning Designer(2),2,
eLearning(2),2,
Electric Repair(1),1,
Electrical Engineering(139),139,
Electron JS(1),1,
Electronic Data Interchange (EDI)(1),1,
Electronic Design(5),5,
Electronic Forms(3),3,
Electronics(118),118,
Elementor(15),15,
Elixir(0),0,
Elm(0),0,
Email Campaign(12),12,
Email Developer(16),16,
Email Handling(39),39,
Email Marketing(83),83,
Embedded Software(11),11,
Embedded Systems(6),6,
Ember.js(0),0,
Embroidery(2),2,
Emerging Accounts(0),0,
Employee Engagement(0),0,
Employee Experience(0),0,
Employee Training(1),1,
Employment Law(22),22,
Employment Tax(1),1,
Encryption(1),1,
Energy and Resource Tax(0),0,
Energy Modelling(1),1,
Energy(0),0,
Engineering Drawing(4),4,
Engineering Mathematics(6),6,
Engineering(193),193,
English (UK) Translator(352),352,
English (US) Translator(530),530,
English Grammar(73),73,
English Spelling(30),30,
English Teaching(11),11,
English Translation(13),13,
English Tutoring(18),18,
Enterprise Architecture(3),3,
Enterprise Coordination(1),1,
Enterprise Sales Management(1),1,
Enterprise Sales(0),0,
Entrepreneurship(2),2,
Environmental Consulting(0),0,
Environmental Engineering(1),1,
Environmental Science(0),0,
Epic Systems(0),0,
Epidemiology(0),0,
ePub(2),2,
Equipment Rental(0),0,
Equity Research(2),2,
Equity Transaction Advice(0),0,
Ergo(0),0,
Erlang(0),0,
ERP Software(4),4,
ERP(31),31,
ES8 Javascript(0),0,
Esports(1),1,
Espruino(0),0,
Essay Writing(11),11,
Estimation(1),1,
Estonian Translator(4),4,
Ethereum(54),54,
Etherscan(2),2,
ETL(9),9,
Etsy(3),3,
Event Management(7),7,
Event Planning(9),9,
Event Staffing(3),3,
Eventbrite(0),0,
Evernote(1),1,
Excavation(1),1,
Excel Macros(10),10,
Excel VB Capabilities(0),0,
Excel VBA(13),13,
Excel(742),742,
Executive Coaching(2),2,
Executive Compensation(0),0,
Executive Reward(0),0,
Expatriate Tax(1),1,
Explainer Videos(7),7,
Express JS(53),53,
Expression Engine(1),1,
Ext JS(0),0,
Extensions & Additions(8),8,
External Auditing(2),2,
F#(0),0,
Fabric Printing Design(2),2,
Facade Design(0),0,
Face Recognition(1),1,
Facebook Ads(21),21,
Facebook API(11),11,
Facebook Development(0),0,
Facebook Marketing(389),389,
Facebook Pixel(7),7,
Facebook Product Catalog(0),0,
Facebook SDK(2),2,
Facebook Shops(1),1,
Facebook Verification(6),6,
Fact Checking(0),0,
Family Law(1),1,
Fashion Consulting(6),6,
Fashion Design(45),45,
Fashion Modeling(23),23,
Fashion Writing(2),2,
FastAPI(2),2,
Fastlane(0),0,
FaunaDB(0),0,
Fedora(0),0,
Fencing(0),0,
Feng Shui(0),0,
Fiction(6),6,
Field Sales Management(0),0,
Field Sales(1),1,
Field Technical Support(6),6,
Figma(40),40,
FileMaker(4),4,
Filipino Translator(0),0,
Film Production(27),27,
Filmmaking(28),28,
Final Cut Pro X(0),0,
Final Cut Pro(2),2,
Finale / Sibelius(0),0,
Finance Transformation(0),0,
Finance(106),106,
Financial Accounting(3),3,
Financial Analysis(47),47,
Financial Consulting(3),3,
Financial Crime(0),0,
Financial Forecasting(2),2,
Financial Markets(11),11,
Financial Modeling(3),3,
Financial Planning(7),7,
Financial Research(40),40,
Financial Sales(0),0,
Financial Services Tax(3),3,
Financial Software Development(1),1,
Finite Element Analysis(16),16,
Finnish Translator(14),14,
FinTech(2),2,
Fircosoft(0),0,
Fire Alarm Design(0),0,
Fire Fighting(0),0,
Firefox(2),2,
Firewall(3),3,
Firmware(6),6,
Fitness(2),2,
FIX API(0),0,
FL Studio(2),2,
FLANN(0),0,
Flash 3D(1),1,
Flash Animation(2),2,
Flashmob(0),0,
Flask(16),16,
Flatbed Trucking(1),1,
Flex Circuit Design(0),0,
Flex(0),0,
Floor Coatings(0),0,
Floor Plan(4),4,
Flooring(0),0,
Floorplan Blueprinting(3),3,
Flow Charts(2),2,
Flower Delivery(0),0,
Flutter(123),123,
Flyer Design(32),32,
Flyscreen Installation(1),1,
Food Delivery(2),2,
Food Safety(2),2,
Forensic Consulting(0),0,
Format and Layout(11),11,
Formstack(0),0,
Forth(0),0,
Fortran(1),1,
Forum Posting(2),2,
Forum Software(1),1,
FoxyCart(0),0,
FPGA Coding(0),0,
FPGA(5),5,
Frames & Trusses(0),0,
Fraud Detection(1),1,
Freedom to Operate Search(0),0,
Freelance(13),13,
Freelancer API(6),6,
FreeSwitch(0),0,
Freight(1),1,
French (Canadian)(28),28,
French Translator(46),46,
French Tutoring(5),5,
Front-end Design(7),7,
Frontend Development(29),29,
Fruugo(0),0,
Full Stack Development(63),63,
Fundraising(11),11,
Funnel(2),2,
Furniture Assembly(0),0,
Furniture Design(3),3,
Furniture Removalist(0),0,
Fusion 360(2),2,
Game Art(5),5,
Game Consoles(10),10,
Game Design(90),90,
Game Development(131),131,
Game Testing(3),3,
Game Trailer(0),0,
Game Translation(0),0,
Game UI(1),1,
GameMaker(2),2,
GameSalad(1),1,
Gamification(3),3,
GarageBand(0),0,
Gardening(2),2,
Gas Fitting(0),0,
GatsbyJS(3),3,
GCP AI(7),7,
Genealogy(0),0,
General Full Load(0),0,
General Labor(54),54,
General Office(21),21,
General Part Load(0),0,
General Tax Advisory(1),1,
Generative Design(0),0,
Genetic Algebra Modelling System(0),0,
Genetic Algorithms(1),1,
Genetic Engineering(1),1,
Geofencing(0),0,
Geographical Information System (GIS)(8),8,
GeoJSON(1),1,
Geolocation(19),19,
Geology(1),1,
Geometry(0),0,
Georgian(1),1,
GeoServer(0),0,
Geospatial(8),8,
Geotechnical Engineering(1),1,
German Tutoring(2),2,
German(88),88,
Ghostwriting(336),336,
GIF Animation(7),7,
GIF(3),3,
GIMP(0),0,
Git(20),20,
GitHub(10),10,
GitLab(10),10,
Glass / Mirror & Glazing(0),0,
Global Mobility(0),0,
Global Tax Compliance(1),1,
GMAT Tutoring(0),0,
Godot(0),0,
Golang(20),20,
Google Ads(27),27,
Google Adsense(38),38,
Google Adwords(114),114,
Google Analytics(44),44,
Google APIs(10),10,
Google App Engine(11),11,
Google Apps Scripts(7),7,
Google Canvas(0),0,
Google Cardboard(0),0,
Google Chrome(19),19,
Google Cloud Platform(19),19,
Google Cloud Storage(3),3,
Google Data Studio(2),2,
Google Docs(4),4,
Google Earth(1),1,
Google Firebase(41),41,
Google Maps API(15),15,
Google PageSpeed Insights(5),5,
Google Plus(57),57,
Google Search(3),3,
Google Sheets(18),18,
Google Shopping(3),3,
Google Slides(3),3,
Google Spreadsheets(3),3,
Google Tag Management(3),3,
Google Web Toolkit(0),0,
Google Webmaster Tools(3),3,
GoPro(0),0,
GPGPU(2),2,
GPS(8),8,
Grails(0),0,
Grant Writing(13),13,
Graphic Art(2),2,
Graphic Design(2349),2349,
Graphical Network Simulator-3(3),3,
Graphical User Interface (GUI)(6),6,
Graphics Programming(4),4,
GraphQL(11),11,
Gravity Forms(1),1,
Graylog(0),0,
GRE Tutoring(0),0,
Grease Monkey(0),0,
Greek(10),10,
GrooveFunnels(0),0,
Growth Hacking(2),2,
Grunt(0),0,
GTK+(0),0,
GTmetrix(0),0,
Guidewire(1),1,
Guitar Lesson(2),2,
Gujrati(2),2,
Gulp.js(0),0,
Gutter Installation(2),2,
Hadoop(10),10,
Hair Styles(2),2,
HALT/HASS Testing(0),0,
Handlebars.js(1),1,
Handy Sketch Pad(0),0,
Handyman(0),0,
Hardware Security Module(1),1,
Haskell(3),3,
Haulier(0),0,
Haute Cuisine(0),0,
HBase(0),0,
Headlines(0),0,
Health Care Management(3),3,
Health Planning(1),1,
Health Plans Digitization(0),0,
Health(9),9,
Healthcare Education(1),1,
Healthcare Sales(4),4,
Heat Load Calculation(0),0,
Heating Systems(1),1,
Heavy Haulage Trucking(0),0,
Heavy Haulage(0),0,
Hebrew(4),4,
Hedge Fund Management(2),2,
Helpdesk(2),2,
Heroku(4),4,
Heron(0),0,
HetNet Access Point Installation(0),0,
Hewlett Packard(0),0,
HFT(0),0,
Hiab Crane Trucking(0),0,
Hibernate(2),2,
Hidden Wireless Network Detection(0),0,
Highcharts(1),1,
Hindi(43),43,
HIPAA(0),0,
History(1),1,
Hive(4),4,
Home Automation(2),2,
Home Design(91),91,
Home Organization(1),1,
HomeKit(0),0,
HootSuite(0),0,
Horticulture(2),2,
Hot Water Installation(0),0,
Houdini(0),0,
House Cleaning(3),3,
Housework(5),5,
HP Openview(0),0,
HP-UX(0),0,
HR Sales(0),0,
HTC Vive(0),0,
HTML(1983),1983,
HTML5(289),289,
HTTP(2),2,
Hubspot Marketing(0),0,
Hubspot(4),4,
Hugo(1),1,
Human Resources(31),31,
Human Sciences(1),1,
Hungarian(19),19,
HVAC(0),0,
Hybrid App(8),8,
Hybris(1),1,
Hyperledger Fabric(1),1,
Hyperledger(1),1,
HyperLynx(0),0,
HyperMesh(0),0,
I2C(1),1,
iBeacon(0),0,
IBM Bluemix(0),0,
IBM BPM(1),1,
IBM Cloud(2),2,
IBM Datapower(0),0,
IBM Db2(0),0,
IBM Integration bus(0),0,
IBM MQ(0),0,
IBM Tivoli(0),0,
IBM Tririga(0),0,
IBM Websphere Transformation Tool(0),0,
Icelandic(0),0,
Icon Design(19),19,
IDM Sales(0),0,
IIS(2),2,
IKEA Installation(0),0,
Illustration(263),263,
Illustrator(789),789,
iMacros(0),0,
Image Consultation(0),0,
Image Processing(24),24,
Imaging(3),3,
IMAP(0),0,
Immigration Law(4),4,
Immigration(1),1,
iMovie(0),0,
Import/Export(4),4,
IMX6(0),0,
Inbound Marketing(0),0,
Indiegogo(0),0,
Indirect Tax(0),0,
Indonesian(8),8,
Industrial Design(2),2,
Industrial Engineering(2),2,
Influencer Marketing(9),9,
Infographic and Powerpoint Slide Designing(5),5,
Infographics(10),10,
Infor(0),0,
Informatica MDM(0),0,
Informatica Powercenter ETL(0),0,
Informatica(1),1,
Infrastructure Architecture(11),11,
Inside Sales(1),1,
Inspections(7),7,
Instagram Ads(14),14,
Instagram API(1),1,
Instagram Marketing(39),39,
Instagram Verification(3),3,
Instagram(73),73,
Installation(2),2,
Instructional Design(0),0,
Instrumentation(1),1,
Insurance(2),2,
Intellectual Property Law(1),1,
Interaction Design(0),0,
Interactive Advertising(2),2,
Intercom(0),0,
Interior Design(127),127,
Interiors(3),3,
International Shipping(1),1,
Internet Marketing(590),590,
Internet of Things (IoT)(14),14,
Internet Research(28),28,
Internet Security(22),22,
Interpreter(7),7,
Interspire(0),0,
Interviewing(7),7,
Intrinsic Safety Applications(0),0,
Intros & Outros(0),0,
Intuit QuickBooks(46),46,
Inventory Management(2),2,
Investigation(1),1,
Investigative Journalism(0),0,
Investment Banking(2),2,
Investment Management(1),1,
Investment Research(8),8,
Invision(1),1,
Invitation Design(1),1,
Invoicing(2),2,
Ionic Framework(27),27,
Ionic React(2),2,
iOS Development(79),79,
IP Cores(0),0,
iPad(85),85,
iPhone(434),434,
Irish(0),0,
ISM Radio Module(0),0,
ISO/IEC 17025 Calibration(1),1,
ISO9001(0),0,
Isometric Animation(1),1,
Isometry(0),0,
ISV Sales(1),1,
IT Operating Model(1),1,
IT Project Management(3),3,
IT strategy(1),1,
IT Transformation(1),1,
Italian(29),29,
ITIL(1),1,
J2EE(32),32,
J2ME(0),0,
Jabber(0),0,
Jade Development(0),0,
Jamf(0),0,
Jamstack(0),0,
Japanese Teaching(0),0,
Japanese Tutoring(0),0,
Japanese(29),29,
Jasmine Javascript(0),0,
Java ME(0),0,
Java Spring(8),8,
Java Technical Architecture(1),1,
Java Tutoring(4),4,
Java(459),459,
JavaFX(14),14,
Javascript ES6(3),3,
JavaScript(1029),1029,
JD Edwards CNC(0),0,
JDF(0),0,
Jenkins(7),7,
Jewellery(10),10,
Jimdo(0),0,
Jingles & Intros(0),0,
Jinja2(0),0,
Jitsi(1),1,
JMeter(1),1,
Joint Commission International(0),0,
Joomla(12),12,
Journalism(3),3,
jqGrid(0),0,
jQuery / Prototype(74),74,
jQuery(17),17,
JSON(26),26,
JSP(14),14,
JUCE(2),2,
Julia Development(0),0,
Julia Language(1),1,
Juniper(1),1,
JUnit(5),5,
K2(0),0,
Kajabi(3),3,
Kannada(2),2,
Karelian(0),0,
Karma Javascript(0),0,
Kartra(0),0,
Keap(0),0,
Kendo UI(2),2,
Keras(6),6,
Keycloak(2),2,
Keyshot(1),1,
Keyword Research(11),11,
Kibana(1),1,
Kickstarter(1),1,
Kinect(0),0,
Kinetic Typography(0),0,
Kitchen(2),2,
Kizoa(0),0,
Klaviyo(5),5,
KNIME(3),3,
Knockout.js(0),0,
Korean Tutoring(0),0,
Korean(17),17,
Kotlin(26),26,
Kubernetes(24),24,
Label Design(5),5,
LabVIEW(5),5,
LAMP(0),0,
Landing Pages(12),12,
Landscape Design(9),9,
Landscaping(5),5,
Language Tutoring(6),6,
Laravel(210),210,
Last Mile Optimization(0),0,
LaTeX(4),4,
Latin Tutoring(0),0,
Latin(1),1,
Latvian(3),3,
Laundry and Ironing(1),1,
Lawn Mowing(0),0,
Lead Generation(34),34,
Leadership Development(3),3,
Leads(98),98,
Leap Motion SDK(0),0,
LearnDash(2),2,
Learning Management Solution (LMS) Consulting(2),2,
Learning Management Systems (LMS)(7),7,
Legal Analysis(4),4,
Legal Assistance(8),8,
Legal Consultation(6),6,
Legal Research(51),51,
Legal Review(4),4,
Legal Translation(6),6,
Legal Writing(61),61,
Legal(72),72,
LESS/Sass/SCSS(7),7,
Lettering(1),1,
Level Design(0),0,
LibreOffice(0),0,
LIBSVM(0),0,
Life Coaching(3),3,
Life Science Sales(0),0,
Life Science Tax Services(1),1,
Lifestyle Coach(3),3,
Lighting Design(3),3,
Lighting(5),5,
LIMS (Laboratory Information Management System)(0),0,
Line Haulage(0),0,
Linear Programming(1),1,
Linear Regression(1),1,
Linguistics(4),4,
Link Building(208),208,
LinkedIn Profile(5),5,
LinkedIn Recruiting(3),3,
Linkedin(22),22,
Linnworks Order Management(0),0,
LINQ(0),0,
Linux(239),239,
Liquid Template(6),6,
Lisp(1),1,
Litecoin(1),1,
Lithuanian(1),1,
Litigation(0),0,
Live Survey(1),1,
LiveCode(1),1,
Livestock(0),0,
Local Area Networking(2),2,
Local Interconnect Network (LIN)(1),1,
Local Job(151),151,
Locksmith(0),0,
Logistics Company(0),0,
Logistics(8),8,
Logo Animation(3),3,
Logo Design(773),773,
LoRa(0),0,
Lost-wax Casting(1),1,
Lottie(0),0,
Lotus Notes(0),0,
Low Code(3),3,
LSAT Tutoring(0),0,
Lua(4),4,
Lucene(0),0,
Lumion(4),4,
M&A Tax(0),0,
Mac OS(7),7,
Macedonian(0),0,
Machine Learning (ML)(135),135,
Machine Vision / Video Analytics(5),5,
Machinery 25T to 50T(0),0,
Machinery 50T and over(0),0,
Machinery Equipment Hire(0),0,
Machinery up to 25T(0),0,
Magazine Design(4),4,
Magento 2(8),8,
Magento(40),40,
Magic Leap(0),0,
Magnolia(0),0,
Mailchimp(11),11,
MailerLite(0),0,
Mailwizz(2),2,
Make Up(2),2,
Makerbot(1),1,
Malay(3),3,
Malayalam(2),2,
Maltese(0),0,
Managed Analytics(0),0,
Managed Care(0),0,
Management Consulting(6),6,
Management(19),19,
Manga(0),0,
Manufacturing Design(16),16,
Manufacturing Engineering(1),1,
Manufacturing Strategy(1),1,
Manufacturing(3),3,
Manuscripts(0),0,
Map Reduce(0),0,
MapKit(0),0,
Marathi(1),1,
MariaDB(3),3,
Marine Engineering(1),1,
Market Analysis(4),4,
Market Research(53),53,
Market Sizing(2),2,
Marketing Strategy(14),14,
Marketing(410),410,
Marketo(0),0,
Masonry(0),0,
Material Coating(0),0,
Materials Engineering(6),6,
Math Tutoring(2),2,
Mathematics(84),84,
Matlab and Mathematica(70),70,
MATLAB(21),21,
Matte Painting(7),7,
Maya(37),37,
MCAT Tutoring(0),0,
MEAN Stack(5),5,
Mechanical Design(6),6,
Mechanical Engineering(97),97,
Mechatronics(3),3,
Media and Entertainment Tax(0),0,
Media Relations(3),3,
Media Sales(0),0,
Medical Billing and Coding(3),3,
Medical Devices Sales(3),3,
Medical Engineering(0),0,
Medical Products(6),6,
Medical Research(3),3,
Medical Translation(1),1,
Medical Writing(19),19,
Medical(21),21,
Memoir Writing(3),3,
MEMs(0),0,
Menu Design(1),1,
Mergers and Acquisitions(0),0,
MERN Stack(12),12,
MERN(2),2,
Messenger Marketing(0),0,
Metal(2),2,
Metamask(8),8,
MetaTrader 4(8),8,
Metatrader 5(5),5,
Metatrader(49),49,
MeteorJS(0),0,
Metro(0),0,
Microbiology(1),1,
Microcontroller(72),72,
Micropython(1),1,
Micros RES(0),0,
Microservices(7),7,
Microsoft Access(30),30,
Microsoft Azure(15),15,
Microsoft Exchange(31),31,
Microsoft Expression(0),0,
Microsoft Graph(0),0,
Microsoft Hololens(1),1,
Microsoft Office(52),52,
Microsoft Outlook(9),9,
Microsoft PowerBI(9),9,
Microsoft Project(1),1,
Microsoft SQL Server(84),84,
Microsoft Visio(3),3,
Microsoft Word(7),7,
Microsoft(40),40,
Microstation(0),0,
MicroStrategy(0),0,
MIDI(1),1,
Millwork(0),0,
Minecraft(2),2,
Mininet(0),0,
Mining Engineering(2),2,
Minitab(0),0,
Mixing Engineering(1),1,
MLM(3),3,
MMORPG(0),0,
Mobile App Development(883),883,
Mobile App Testing(11),11,
Mobile Development(2),2,
Mobile Repair(0),0,
Mobile Sales(0),0,
Mobile Welding(0),0,
Modding(2),2,
MODx(1),1,
Moho(1),1,
Monday.com(2),2,
MonetDB(1),1,
MongoDB(57),57,
Montenegrin(0),0,
Mood Board(2),2,
Moodle(7),7,
Mortgage Brokering(0),0,
Motion Design(0),0,
Motion Graphics(16),16,
Motivational Speaking(5),5,
Motor Control(2),2,
Motorcycle Courier(1),1,
MOVEit(2),2,
Moving(6),6,
Moz(0),0,
MPSoC Design(0),0,
MQL4(16),16,
MQTT(1),1,
Mule(0),0,
MuleSoft(0),0,
Multi Level Marketing(4),4,
Mural Painting(6),6,
Music Lesson(3),3,
Music Management(13),13,
Music Production(11),11,
Music Transcription(4),4,
Music Video(13),13,
Music(96),96,
MVC(16),16,
MyBB(0),0,
MYOB(3),3,
MySpace(1),1,
MySQL(659),659,
Nagios Core(0),0,
Nanotechnology(0),0,
National Building Specification(2),2,
Natural Language(8),8,
NAV(0),0,
nCino(0),0,
Near Field Communication (NFC)(0),0,
Neo4j(1),1,
Nepali(0),0,
Nest.js(6),6,
Netbeans(1),1,
Netlify(3),3,
NetSuite(1),1,
Network Administration(75),75,
Network Engineering(15),15,
Network Monitoring(5),5,
Network Sales(0),0,
Network Security(11),11,
Neural Networks(8),8,
Newsletters(9),9,
Next.js(28),28,
Nginx(20),20,
NgRx(1),1,
Ning(0),0,
Nintex Forms(0),0,
Nintex Workflow(0),0,
NLP(9),9,
Node.js(268),268,
Nokia(0),0,
Non-Fiction Writing(0),0,
Non-fungible Tokens (NFT)(102),102,
Norwegian(13),13,
NoSQL Couch & Mongo(43),43,
NoSQL(2),2,
Notary Public(1),1,
NumPy(2),2,
Nutrition(7),7,
OAuth(3),3,
Object Oriented Programming (OOP)(4),4,
Objective C(83),83,
OCR(4),4,
OctoberCMS(0),0,
Oculus Mobile SDK(2),2,
Oculus Rift(1),1,
Odd Jobs(52),52,
Odoo(21),21,
OEM Account Management(0),0,
OEM Sales(1),1,
Office 365(4),4,
Office Add-ins(1),1,
Offline Conversion Facebook API Integration(0),0,
Oil Painting(11),11,
OKTA(1),1,
Online Writing(4),4,
Open Cart(15),15,
Open Journal Systems(1),1,
Open Source(1),1,
OpenBravo(0),0,
OpenBSD(0),0,
OpenCL(0),0,
OpenCV(6),6,
OpenGL(3),3,
OpenSceneGraph(0),0,
OpenSSL(0),0,
OpenStack(2),2,
OpenVMS(0),0,
OpenVPN(4),4,
OpenVZ(0),0,
Operations Management(4),4,
Operations Research(1),1,
Optical Engineering(0),0,
Oracle APEX(1),1,
Oracle Database(2),2,
Oracle EBS Tech Integration(0),0,
Oracle Hyperion(0),0,
Oracle OBIA(0),0,
Oracle OBIEE(1),1,
Oracle Primavera(0),0,
Oracle Retail(0),0,
Oracle(20),20,
Order Processing(2),2,
Organization Design(3),3,
Organizational Change Management(0),0,
OSCommerce(9),9,
OTRS(0),0,
OTT(0),0,
Outreach.io(0),0,
P2P Network(0),0,
Package Design(4),4,
Packaging Design(2),2,
Packaging Technology(0),0,
Packing & Shipping(1),1,
Painting(14),14,
Pallet or Skid(0),0,
Palm(0),0,
Pandas(2),2,
Papiamento(0),0,
Paralegal Services(10),10,
Parallax Scrolling(1),1,
Parallel Processing(2),2,
Parallels Automation(0),0,
Parallels Desktop(0),0,
Parcel Delivery(0),0,
Pardot Development(0),0,
Pardot Marketing(0),0,
Pascal(0),0,
Pashto(0),0,
Passive Site Survey(0),0,
Patent Design Search(0),0,
Patent Infringement Research(0),0,
Patent Invalidity Search(0),0,
Patent Landscape(2),2,
Patent Validity Search(0),0,
Patents(5),5,
Pattern Design(5),5,
Pattern Making(4),4,
Pattern Matching(0),0,
Pavement(0),0,
PAYE Tax(0),0,
Payment Consulting(2),2,
Payment Gateway Integration(18),18,
Payment Processing(6),6,
PayPal API(6),6,
PayPal(1),1,
Payroll HR S&E(0),0,
Payroll Sales(0),0,
Payroll(16),16,
Paytrace(0),0,
PC Programming(0),0,
PCB Design and Layout(5),5,
PCB Layout(45),45,
PCI Compliance(0),0,
PCI Express(0),0,
PDF(345),345,
PEGA PRPC(1),1,
PencilBlue CMS(0),0,
Penetration Testing(0),0,
Pentaho(0),0,
PeopleSoft(0),0,
Performance Management(2),2,
Performance Tuning(0),0,
Performing Arts(0),0,
Periscope(0),0,
Perl(3),3,
Personal Development(2),2,
Personal Income Tax(1),1,
Personal Tax(0),0,
Pest Control(0),0,
Pet Sitting(1),1,
Petroleum Engineering(0),0,
Phaser(3),3,
Phoenix(0),0,
Phone Support(3),3,
PhoneGap(14),14,
Photo Anywhere(23),23,
Photo Editing(148),148,
Photo Restoration(7),7,
Photo Retouching(13),13,
Photography(93),93,
Photon Multiplayer(3),3,
Photoshop Coding(5),5,
Photoshop Design(290),290,
Photoshop(1084),1084,
PHP Slim(0),0,
PHP(2578),2578,
phpBB(0),0,
phpFox(0),0,
phpMyAdmin(3),3,
PhpNuke(0),0,
PHPrunner(0),0,
PHPUnit(0),0,
Physical Fitness Training(0),0,
Physical Site Survey(0),0,
Physics Tutoring(0),0,
Physics(15),15,
PICK Multivalue DB(0),0,
Pickup(5),5,
Pilot Work(0),0,
Pine Script(24),24,
Pinterest(41),41,
Piping(1),1,
Pitch Deck Writing(5),5,
PitchBook(2),2,
Planning Consulting(0),0,
PlayFab(0),0,
Playstation VR(2),2,
PLC & SCADA(9),9,
PLC(3),3,
Plesk(5),5,
Plivo(0),0,
Plugin(18),18,
Plumbing(3),3,
Plutus(0),0,
PnP BTS configuration(0),0,
Podcast Editing(0),0,
Podcast Marketing(2),2,
Podcast Writing(0),0,
Podcasting(6),6,
Poet(0),0,
Poetry(2),2,
Point of Sale(1),1,
Polarion(0),0,
Policymaking(1),1,
Polish(10),10,
Political science(1),1,
Polkadot(0),0,
POP / POP3(0),0,
Portable Building(0),0,
Portfolio Management(1),1,
Portuguese (Brazil)(123),123,
Portuguese(120),120,
Poster Design(14),14,
Postfix(1),1,
PostgreSQL Administration(2),2,
PostgreSQL Programming(2),2,
PostgreSQL(37),37,
Post-Production(1),1,
Power Amplifier RF(0),0,
Power Automate(2),2,
Power BI(10),10,
Power Converters(0),0,
Power Generation(0),0,
Power Redesign(0),0,
Power Supply(0),0,
PowerApps(6),6,
Powerpoint(74),74,
Powershell(11),11,
Powtoon(0),0,
PPC Marketing(11),11,
Predictive Analytics(1),1,
Predictive Site Survey(0),0,
Pre-inspection visits(6),6,
Pre-production Animation(0),0,
Pre-production(0),0,
Presentations(31),31,
Press Releases(7),7,
Prestashop(24),24,
Prezi(4),4,
Print Design(1),1,
Print(3),3,
Printer Repair(5),5,
Private Client(1),1,
Private Equity(0),0,
Process Automation(16),16,
Process Validation(0),0,
Procreate(1),1,
Procurement(2),2,
Product Consulting(0),0,
Product Cover(2),2,
Product Descriptions(29),29,
Product Design(63),63,
Product Development(4),4,
Product End of Life (EOL)(0),0,
Product Management(3),3,
Product Marketing(8),8,
Product Photography(24),24,
Product Sourcing(15),15,
Programmatic Advertising(2),2,
Programming Help(2),2,
Programming(43),43,
Progressive Web Apps(9),9,
Project Management Office(3),3,
Project Management(68),68,
Project Planning(6),6,
Project Scheduling(9),9,
Prolog(2),2,
Prometheus Monitoring(1),1,
Proofreading(162),162,
Property Development(1),1,
Property Insurance(0),0,
Property Law(8),8,
Property Management(4),4,
Property Tax(0),0,
Proposal Writing(8),8,
Proto(0),0,
Protoshare(0),0,
Prototype Design(6),6,
Prototyping(2),2,
Protractor Javascript(0),0,
PSD to HTML(22),22,
PSD2CMS(0),0,
Psychological Assessment(0),0,
Psychology(2),2,
Psychometric Testing(0),0,
Public Health(0),0,
Public Relations(14),14,
Public Sector and Taxation(0),0,
Public Speaking(8),8,
Publishing(6),6,
Puck.js(0),0,
Punjabi(1),1,
Puppet(1),1,
PureScript(0),0,
Push Notification(2),2,
PyCaret(0),0,
PySpark(5),5,
Python(644),644,
Pytorch(5),5,
Qi(0),0,
Qlik(0),0,
QlikView(1),1,
QOPI(0),0,
QR Code Making(1),1,
Qt(8),8,
Qualitative Research(8),8,
Quality and Reliability Testing(1),1,
Quality Engineering(1),1,
Qualtrics Survey Platform(1),1,
Quantum Computing(7),7,
Quantum(2),2,
Quanum(0),0,
QuarkXPress(0),0,
QuickBase(0),0,
Quora(1),1,
qwerty(0),0,
R Programming Language(37),37,
RabitMQ(1),1,
Racket(1),1,
RADAR/LIDAR(0),0,
Radio Access Network Commissioning(2),2,
Radio Announcement(0),0,
Radio Frequency Engineering(1),1,
Radio Frequency(1),1,
Rail Freight(1),1,
RAN Call Testing(0),0,
RAN NMS Integration(0),0,
Rapid Prototyping(1),1,
RapidWeaver(0),0,
Rasch Analysis(0),0,
Raspberry Pi(10),10,
Ratio Analysis(0),0,
Ray-tracing(0),0,
React Native(102),102,
React.js Framework(39),39,
React.js(239),239,
Reading Tutoring(3),3,
Real Estate Management(0),0,
Real Estate Tax(0),0,
Real Estate(8),8,
REALbasic(0),0,
Reason(1),1,
Rebranding(3),3,
Records Management(0),0,
Recruiting Sales(8),8,
Recruitment(30),30,
Red Hat(2),2,
Redis(10),10,
Redmine(0),0,
Redshift(5),5,
Redux.js(7),7,
Reefer Trucking(0),0,
Refrigerated Load(0),0,
Regression Testing(0),0,
Regular Expressions(1),1,
Relational Databases(6),6,
Remote Quality Audit(0),0,
Remote Sensing(3),3,
Removal Services(0),0,
Renewable Energy Design(1),1,
Renewables(1),1,
Report Development(1),1,
Report Writing(164),164,
Research and Development(1),1,
Research Drone Footages(6),6,
Research Writing(366),366,
Research(210),210,
Reseller(4),4,
Resin(2),2,
RESTful API(33),33,
RESTful(14),14,
Resumes(30),30,
Retail Sales(2),2,
Reverse Engineering(8),8,
Reviews(21),21,
Revit Architecture(4),4,
Revit(3),3,
Reward(1),1,
Rezence(0),0,
RF Manual Site Survey(0),0,
RF Site Survey(0),0,
RFID (Radio-frequency identification)(2),2,
RFP Writing(2),2,
RichFaces(0),0,
Risk Assessment(1),1,
Risk Management(8),8,
Roadnet(0),0,
Roblox(5),5,
Robot Operating System (ROS)(2),2,
Robotic Process Automation(7),7,
Robotics and Cognitive Automation(1),1,
Robotics(14),14,
Rocket Engine(0),0,
Rogue Access Point Detection(0),0,
Romance Writing(1),1,
Romanian(10),10,
Roofing(2),2,
Roslyn(0),0,
Rotoscoping(2),2,
RPG Development(0),0,
RSS(0),0,
RTOS(0),0,
Ruby on Rails(24),24,
Ruby(19),19,
Russian(23),23,
RUST Programming(1),1,
Rust(10),10,
RWD(0),0,
RxJS(1),1,
Ryu Controller(0),0,
SaaS Sales(6),6,
SaaS(2),2,
Safety Consulting(0),0,
Sails.js(0),0,
Sales Account Management(4),4,
Sales Management(3),3,
Sales Promotion(25),25,
Sales(169),169,
Salesforce App Development(14),14,
Salesforce Commerce Cloud(0),0,
Salesforce CPQ(1),1,
Salesforce Lightning(4),4,
Salesforce Marketing Cloud(3),3,
Salesforce.com(29),29,
Sami(0),0,
Samsung Accessory SDK(0),0,
Samsung(0),0,
SAP 4 Hana(1),1,
SAP BODS(0),0,
SAP Business Planning and Consolidation(2),2,
SAP CPI(0),0,
SAP HANA(1),1,
SAP Hybris(0),0,
SAP Master Data Governance(1),1,
SAP Pay(1),1,
SAP PI(0),0,
SAP Screen Personas(1),1,
SAP Transformation(0),0,
SAP(10),10,
Sarbanes-Oxley (SOX)(0),0,
SAS(6),6,
Sass(1),1,
SAT Tutoring(0),0,
Scala(3),3,
Schematic Review(0),0,
Schematics(0),0,
Scheme(0),0,
Science Tutoring(0),0,
Scientific Computing(0),0,
Scientific Research(16),16,
Scientific Writing(0),0,
Scikit Learn(0),0,
SciPy(0),0,
SCORM(0),0,
Scrapy(5),5,
Screenwriting(4),4,
Script Install(12),12,
Script Writing(10),10,
Scripting(3),3,
Scrivener(0),0,
Scrum Development(0),0,
Scrum(2),2,
Sculpture(3),3,
Sculpturing(3),3,
SDW N17 Service Qualification(0),0,
SD-WAN(0),0,
Seamless Printing(0),0,
Search Engine Marketing(62),62,
Secretarial(3),3,
Security Camera(2),2,
Security Sales(1),1,
Security Systems(3),3,
Security(9),9,
Segment(0),0,
Selenium Webdriver(13),13,
Selenium(18),18,
Semiconductor(0),0,
SEMrush(3),3,
Sencha / YahooUI(0),0,
SendGrid(0),0,
SEO Auditing(13),13,
SEO Writing(32),32,
SEO(421),421,
SEOMoz(2),2,
Serbian(0),0,
Serbo-Croat(0),0,
Serial Peripheral Interface (SPI)(1),1,
Server to Server Facebook API Integration(1),1,
Server(27),27,
ServiceNow(4),4,
Sewing(5),5,
SFDC(1),1,
Share Schemes(0),0,
Shared Services(2),2,
Sharepoint(20),20,
Shell Script(14),14,
Shipping Containers(1),1,
Shipping(1),1,
Shopify Development(18),18,
Shopify Templates(81),81,
Shopify(135),135,
Shopping Carts(40),40,
Shopping(3),3,
Short Stories(4),4,
Siebel(1),1,
Sign Design(0),0,
Signal Processing(1),1,
Signal Propagation Assessment(0),0,
Sigrity(0),0,
Silverlight(0),0,
Simplified Chinese (China)(37),37,
Simulation(12),12,
Sinhalese(0),0,
SIP(0),0,
Site Reliability Engineering(2),2,
Six Sigma(1),1,
Sketch(2),2,
Sketching(1),1,
SketchUp(20),20,
Slack(2),2,
Slogans(5),5,
Slovakian(1),1,
Slovenian(16),16,
Small Cell Deployment(0),0,
Small Parcel(0),0,
SMART City(0),0,
Smart Contracts(75),75,
Smart Lighting(0),0,
Smart Phone/Tablet Apps(11),11,
SmartDraw(0),0,
Smarty PHP(2),2,
SMTP(2),2,
Snapchat(4),4,
SOAP API(2),2,
SoC Design(1),1,
Social Engine(1),1,
Social Impact(1),1,
Social Media Copy(11),11,
Social Media Management(44),44,
Social Media Marketing(427),427,
Social Media Post Design(18),18,
Social Networking(91),91,
Social Sales(6),6,
Social Security Tax(0),0,
Social Video Marketing(17),17,
Socket IO(12),12,
Software Architecture(928),928,
Software Development(92),92,
Software Documentation(6),6,
Software Engineering(16),16,
Software Performance Testing(3),3,
Software Sales(2),2,
Software Testing(84),84,
Solana(14),14,
Solar Panel Installation(3),3,
Solar(1),1,
Solaris(0),0,
Soldering(1),1,
Solidity(74),74,
Solidworks(89),89,
Solutions Architecture(3),3,
Sound Design(54),54,
Sound Effects(3),3,
Sound Engineering(5),5,
Soundcloud Promotion(0),0,
SoundCloud(0),0,
Sourcing(4),4,
Spanish (Spain)(118),118,
Spanish Tutoring(3),3,
Spanish(221),221,
Spark(18),18,
Speech Writing(2),2,
Sphinx(0),0,
Splunk(1),1,
Sports Design(0),0,
Sports(2),2,
Spotify Ads(2),2,
Spreadsheets(3),3,
Spring Boot(28),28,
Spring Data(3),3,
Spring JPA(3),3,
Spring Security(7),7,
Sprout(0),0,
SPSS Statistics(25),25,
SQL(111),111,
SQLite(6),6,
Squarespace(9),9,
Squid Cache(0),0,
SSIS (SQL Server Integration Services)(2),2,
SSL(3),3,
Startup Consulting(3),3,
Startups(1),1,
Stationery Design(5),5,
Statistical Analysis(57),57,
Statistical Modeling(3),3,
Statistics Tutoring(1),1,
Statistics(76),76,
Steam API(0),0,
Sticker Design(0),0,
STM32(1),1,
Storage Area Networks(1),1,
Storm(0),0,
Storyboard(2),2,
Strapi(0),0,
Strategic Planning(1),1,
Stripe(12),12,
Structural Engineering(51),51,
Subtitles & Captions(9),9,
Subversion(0),0,
SugarCRM(2),2,
Supplier Sourcing(6),6,
Supply Chain(5),5,
Surfboard Design(0),0,
Surveillance(0),0,
Survey Research(8),8,
SurveyMonkey(0),0,
Svelte(0),0,
SVG(2),2,
Swahili(1),1,
Swedish(28),28,
Swift Package Manager(3),3,
Swift(54),54,
Swing (Java)(1),1,
Symbian(0),0,
Symfony PHP(5),5,
System Admin(118),118,
System Administration(8),8,
System Analysis(4),4,
Systems Engineering(4),4,
Tableau(7),7,
Taglines(0),0,
Tailwind CSS(9),9,
TailWind(3),3,
Talent Acquisition(6),6,
Tally Definition Language(1),1,
Tamil(11),11,
TaoBao API(0),0,
Tattoo Design(10),10,
Tax Accounting(3),3,
Tax Centre of Excellence(1),1,
Tax Compliance and Outsourcing(1),1,
Tax Compliance(1),1,
Tax Law(13),13,
Tax Management Consulting(3),3,
Tax Preparation(2),2,
Tax Reporting(2),2,
Tax Risk Management(1),1,
Tax Technology(1),1,
Tax(24),24,
Teaching/Lecturing(4),4,
Tealium(0),0,
TeamCity(0),0,
TeamViewer(0),0,
Technical Documentation(3),3,
Technical Drawing / Tech Pack(4),4,
Technical Recruiter(8),8,
Technical Site Audit(0),0,
Technical Site Survey(0),0,
Technical Support(12),12,
Technical Translation(0),0,
Technical Writing(233),233,
Technology Consulting(0),0,
Technology Law(2),2,
Technology Sales(1),1,
Technology(2),2,
Tekla Structures(2),2,
Telecom Sales(4),4,
Telecom(7),7,
Telecommunications Engineering(16),16,
Telecoms Engineering(2),2,
Telegram API(6),6,
Telegram Moderation(7),7,
Telemarketing(82),82,
Telephone Handling(20),20,
Telugu(6),6,
Templates(5),5,
Tensorflow(15),15,
Teradata(0),0,
Terra(1),1,
Terraform(14),14,
Test Automation(27),27,
Test Plan Writing(1),1,
Test Strategy Writing(1),1,
Test(1),1,
Testing / QA(33),33,
TestStand(0),0,
Tether(1),1,
Textile Design(2),2,
Textile Engineering(1),1,
Thai(14),14,
Thermal & Environmental Testing(0),0,
Thermal Analysis(0),0,
Thermodynamics(1),1,
Three.js(11),11,
Tibco Spotfire(0),0,
Tiktok Ads(8),8,
TikTok(20),20,
TikZ(0),0,
Tiling(0),0,
Time & Labor SAP(0),0,
Time Management(4),4,
Tinkercad(0),0,
Titanium(0),0,
Tizen SDK for Wearables(0),0,
Toon Boom(1),1,
TopSolid Wood(1),1,
TopSolid(0),0,
Total Reward(0),0,
Town Planning(2),2,
Trademark Registration(3),3,
Trademark(0),0,
TradeStation(0),0,
Trading(32),32,
Traditional Animation(1),1,
Traditional Chinese (Hong Kong)(30),30,
Traditional Chinese (Taiwan)(7),7,
Trailers to be carried(0),0,
Trailers to be towed(0),0,
Training Development(2),2,
Training(5),5,
Transaction Tax(0),0,
Transcription(57),57,
Transfer Pricing(1),1,
Translation(622),622,
Travel Ready(26),26,
Travel Writing(1),1,
Travis CI(0),0,
TRON(0),0,
Troubleshooting(2),2,
Truck Courier(2),2,
Trucking(2),2,
Trucks or Prime Movers(2),2,
Truffle(0),0,
TS/ISO 16949 Audit(0),0,
T-Shirts(48),48,
T-SQL (Transact Structures Query Language)(0),0,
Tumblr(0),0,
Turkish(26),26,
TvOS(0),0,
Twago(0),0,
Twilio(8),8,
Twitch(0),0,
Twitter API(4),4,
Twitter Marketing(10),10,
Twitter(151),151,
Typeform(0),0,
Typescript(49),49,
Typing(5),5,
TYPO3(1),1,
Typography(2),2,
Ubiquiti(0),0,
Ubuntu(43),43,
Udacity(0),0,
UI / User Interface(24),24,
Ukrainian(11),11,
Umbraco(2),2,
UML Design(3),3,
Unbounce(1),1,
Unboxing Videos(3),3,
Underscore.js(0),0,
Underwriting(0),0,
Unit4 Business World(0),0,
Unity 3D(104),104,
Unity(18),18,
UNIX(20),20,
Unreal Engine(20),20,
Upholstery Cleaning(1),1,
Urban Design(1),1,
Urban Planning(2),2,
Urdu(13),13,
US Taxation(0),0,
Usability Testing(15),15,
User Experience Research(10),10,
User Interface / IA(117),117,
User Story Writing(8),8,
UX / User Experience(84),84,
UX Research(2),2,
Valuation & Appraisal(2),2,
Value Added Tax(0),0,
Value Based Healthcare(1),1,
Van Courier(2),2,
Vapor(0),0,
Varnish Cache(1),1,
VB.NET(13),13,
VBScript(2),2,
vBulletin(1),1,
Vector Calculus(0),0,
Vector Tracing(0),0,
Vectorization(4),4,
Vectorworks(1),1,
Veeam(0),0,
Vehicle Signage(0),0,
Verilog / VHDL(13),13,
Version Control Git(0),0,
VertexFX(0),0,
Very-large-scale integration (VLSI)(0),0,
VFX Art(2),2,
Video Ads(16),16,
Video Broadcasting(26),26,
Video Conferencing(15),15,
Video Editing(277),277,
Video Game Coaching(12),12,
Video Hardware(16),16,
Video Post-editing(21),21,
Video Processing(30),30,
Video Production(227),227,
Video Services(330),330,
Video Streaming(24),24,
Video Tours(10),10,
Video Upload(28),28,
Videography(155),155,
VideoHive(2),2,
VideoScribe(0),0,
Vietnamese(5),5,
Vim(0),0,
Vimeo(0),0,
Viral Marketing(4),4,
"Virtual Assistant Solutions (Alexa, Google, Siri, Home Kit, Cortana)(2)",2,
Virtual Assistant(181),181,
Virtual Machines(8),8,
Virtual Reality(3),3,
Virtual Staging(1),1,
Virtual Worlds(4),4,
Virtualization(1),1,
Virtuemart(2),2,
Virtuozzo(0),0,
Visa / Immigration(7),7,
Visa Ready Resources(1),1,
Visme(0),0,
Visual Arts(7),7,
Visual Basic for Apps(25),25,
Visual Basic(76),76,
Visual Design(3),3,
Visual Effects(1),1,
Visual Foxpro(2),2,
Visual Merchandising(0),0,
Visual Studio(15),15,
Visualization(2),2,
VMware(1),1,
Voice Acting(22),22,
Voice Artist(32),32,
Voice Assistance Devices(11),11,
Voice Over(31),31,
Voice Talent(125),125,
VoiceXML(1),1,
VoIP(29),29,
Volusion(0),0,
Vowpal Wabbit(0),0,
V-Play(0),0,
VPN(8),8,
VPS(8),8,
vTiger(5),5,
VtrunkD(0),0,
Vue.js Framework(13),13,
Vue.js(57),57,
Vuforia(1),1,
Vulkan(0),0,
Vymo(0),0,
Walking Path Analysis(0),0,
WatchKit(1),1,
Water Treatment(2),2,
Waterproof Design (IP68)(0),0,
Wave Accounting(0),0,
Wealth Management(0),0,
Web Animation(0),0,
Web API(12),12,
Web Application(27),27,
Web Crawling(3),3,
Web Development(95),95,
Web Hosting(110),110,
Web Page Writer(2),2,
Web Scraping(173),173,
Web Search(116),116,
Web Security(48),48,
Web Services(9),9,
Web3.js(56),56,
WEBDEV(0),0,
Webflow(4),4,
Weblogic(1),1,
webMethods(1),1,
WebOS(0),0,
Webpack(0),0,
WebRTC(8),8,
Website Analytics(3),3,
Website Build(38),38,
Website Design(1970),1970,
Website Localization(3),3,
Website Management(45),45,
Website Optimization(13),13,
Website Testing(51),51,
Weddings(8),8,
Weebly(0),0,
Welding(1),1,
Welsh(0),0,
White Paper(4),4,
Whiteboard Animation(2),2,
Whiteboard(0),0,
WHMCS(6),6,
WiFi(4),4,
WIKI(12),12,
Wikipedia(22),22,
WINDEV Mobile(0),0,
WINDEV(0),0,
Windows 8(1),1,
Windows API(6),6,
Windows CE(0),0,
Windows Desktop(41),41,
Windows Mobile(1),1,
Windows Phone(1),1,
Windows Server(41),41,
Windows Service(5),5,
WinJS(0),0,
Wireframes(5),5,
Wireguard(0),0,
Wireless Access Point Installation(0),0,
Wireless Capacity Analysis(0),0,
"Wireless Certification (CSA, FCC, IEC, FAA, IEEE, CE, Atex)(0)",0,
Wireless Charging(0),0,
Wireless Coverage Assessment(0),0,
Wireless Network Risk Analysis & Reduction(0),0,
Wireless Network Security Analysis(1),1,
Wireless Radio Frequency Engineering(2),2,
Wireless Security Audit(0),0,
Wireless Sensors and Gateways(0),0,
Wireless Sensors(1),1,
Wireless Site Survey(0),0,
Wireless(12),12,
Wix(13),13,
WMS(0),0,
Wolfram(0),0,
WooCommerce(83),83,
Word Processing(7),7,
Word(502),502,
WordPress Design(13),13,
WordPress Multilingual(2),2,
WordPress(931),931,
Workday Compensation(0),0,
Workday Core HR(0),0,
Workday Financials(0),0,
Workday Payroll(0),0,
Workday Security(0),0,
Workday Talent & Recruiting(5),5,
Workday Time & Absence(0),0,
Workflow Consulting(3),3,
Workshops(1),1,
WPF(2),2,
Wrike(0),0,
Writing Tutoring(0),0,
Writing(14),14,
Wufoo(0),0,
x86/x64 Assembler(4),4,
Xamarin(10),10,
XAML(0),0,
Xara(0),0,
Xcode(0),0,
Xcodebuild(0),0,
XenForo(3),3,
Xero(13),13,
XHTML(1),1,
XML(33),33,
XMPP(0),0,
Xojo(1),1,
Xoops(0),0,
XPages(0),0,
xpath(0),0,
XQuery(1),1,
XSLT(2),2,
XSS (Cross-site scripting)(2),2,
Yahoo! Store Design(0),0,
Yandex(0),0,
Yard Work & Removal(0),0,
Yarn(4),4,
Yiddish Translator(0),0,
Yii(3),3,
Yii2(2),2,
Yocto(0),0,
Yoga(1),1,
Yoruba(0),0,
YouTube Ads(9),9,
YouTube Video Editing(23),23,
YouTube(73),73,
Zapier(3),3,
Zbrush(4),4,
Zemax(1),1,
Zen Cart(1),1,
Zend(1),1,
Zendesk(1),1,
Zigbee(0),0,
Znode(0),0,
Zoho Creator(4),4,
Zoho CRM(7),7,
Zoho(9),9,
Zoom(0),0,
Zwave(1),1,
,," 58,850 "
